<?xml version="1.0" encoding="ISO-8859-1"?>
<noc:rpc-reply xmlns:noc="urn:bios:params:xml:ns:upd:base:2.0"
xmlns="http://www.spec-rate-bios.com/upd:2.0:manager">
    <noc:data>
        <display>
            <command>
                <in_eth>
                    <PARAM_value>
                        <IF_output>Ethernet3/1</IF_output>
                    </PARAM_value>
                    <OPT_Cmd_interface_if_eth>
                        <ro>
                            <TABLE_interface>
                                <ROW_interface>
                                    <ifx>Ethernet3/1</ifx>
                                    <status>down</status>
                                    <status_rsn_desc>Link not connected</status_rsn_desc>
                                    <admin_status>up</admin_status>
                                    <share_status>Dedicated</share_status>
                                    <hw_desc>10k Eth</hw_desc>
                                    <hw_addr>428f.ea4b.4f2c</hw_addr>
                                    <bia_addr>0005.f5ce.8dfe</bia_addr>
                                    <mtu>1500</mtu>
                                    <eth_bw>10000000</eth_bw>
                                    <eth_dly>10</eth_dly>
                                    <eth_reliability>255</eth_reliability>
                                    <eth_txload>1</eth_txload>
                                    <eth_rxload>1</eth_rxload>
                                    <medium>broadcast</medium>
                                    <eth_mode>routed</eth_mode>
                                    <eth_duplex>auto</eth_duplex>
                                    <eth_speed>auto-speed</eth_speed>
                                    <eth_media>10G</eth_media>
                                    <eth_swt_monitor>off</eth_swt_monitor>
                                    <eth_ethertype>0x8100</eth_ethertype>
                                    <eth_load_int1_rx>30</eth_load_int1_rx>
                                    <eth_inrate1_bits>0</eth_inrate1_bits>
                                    <eth_inrate1_pkts>0</eth_inrate1_pkts>
                                    <eth_load_interval1_tx>30</eth_load_interval1_tx>
                                    <eth_outrate1_bits>0</eth_outrate1_bits>
                                    <eth_outrate1_pkts>0</eth_outrate1_pkts>
                                    <eth_load_interval2_rx>300</eth_load_interval2_rx>
                                    <eth_inrate2_bits>0</eth_inrate2_bits>
                                    <eth_inrate2_pkts>0</eth_inrate2_pkts>
                                    <eth_load_interval2_tx>300</eth_load_interval2_tx>
                                    <eth_inrate3_bits>0</eth_inrate3_bits>
                                    <eth_inrate3_pkts>0</eth_inrate3_pkts>
                                    <eth_load_interval3_tx>120</eth_load_interval3_tx>
                                    <eth_outrate3_bits>0</eth_outrate3_bits>
                                    <eth_outrate3_pkts>0</eth_outrate3_pkts>
                                    <eth_l3in_ucastpkts>0</eth_l3in_ucastpkts>
                                    <eth_l3in_ucastbytes>0</eth_l3in_ucastbytes>
                                    <eth_l3in_mcastpkts>0</eth_l3in_mcastpkts>
                                    <eth_l3in_mcastbytes>0</eth_l3in_mcastbytes>
                                    <eth_l3out_ucastpkts>0</eth_l3out_ucastpkts>
                                    <eth_l3out_ucastbytes>0</eth_l3out_ucastbytes>
                                    <eth_l3out_mcastpkts>0</eth_l3out_mcastpkts>
                                    <eth_l3out_mcastbytes>0</eth_l3out_mcastbytes>
                                    <eth_inucast>0</eth_inucast>
                                    <eth_inmcast>0</eth_inmcast>
                                    <eth_inbcast>0</eth_inbcast>
                                    <eth_inpkts>0</eth_inpkts>
                                    <eth_inbytes>8</eth_inbytes>
                                    <eth_nobuf>0</eth_nobuf>
                                    <eth_inerr>0</eth_inerr>
                                    <eth_frame>0</eth_frame>
                                    <eth_bad_eth>0</eth_bad_eth>
                                    <eth_bad_proto>0</eth_bad_proto>
                                    <eth_in_ifdown_drops>0</eth_in_ifdown_drops>
                                    <eth_dribble>0</eth_dribble>
                                    <eth_indiscard>0</eth_indiscard>
                                    <eth_inpause>0</eth_inpause>
                                    <eth_outucast>0</eth_outucast>
                                    <eth_outmcast>0</eth_outmcast>
                                    <eth_outbcast>0</eth_outbcast>
                                    <eth_outpkts>0</eth_outpkts>
                                    <eth_outbytes>0</eth_outbytes>
                                    <eth_jumbo_outpkts>0</eth_jumbo_outpkts>
                                    <eth_outerr>0</eth_outerr>
                                    <eth_coll>0</eth_coll>
                                    <eth_deferred>0</eth_deferred>
                                    <eth_latecoll>0</eth_latecoll>
                                    <eth_lostcarrier>0</eth_lostcarrier>
                                    <eth_nocarrier>0</eth_nocarrier>
                                    <eth_babbles>0</eth_babbles>
                                    <eth_outdiscard>0</eth_outdiscard>
                                    <eth_outpause>0</eth_outpause>
                                </ROW_interface>
                            </TABLE_interface>
                        </ro>
                    </OPT_Cmd_interface_if_eth>
                </in_eth>
            </command>
        </display>
    </noc:data>
</noc:rpc-reply>
]]>]]>

